{"cameraMode":{"drawMode":0,"name":"Shaded","section":"Shading Mode"},"sceneLighting":false,"audioPlay":false,"sceneViewState":{"showFog":true,"showMaterialUpdate":false,"showSkybox":false,"showFlares":true,"showImageEffects":true,"showParticleSystems":true},"in2DMode":false,"pivot":{"x":0.47749292850494387,"y":-0.2221413552761078,"z":-0.7587890625},"rotation":{"x":0.11473584920167923,"y":-0.09313604235649109,"z":0.010804872028529644,"w":0.9889633655548096},"size":8.245772361755371,"orthographic":true}