{"cameraMode":{"drawMode":0,"name":"Shaded","section":"Shading Mode"},"sceneLighting":false,"audioPlay":false,"sceneViewState":{"showFog":true,"showMaterialUpdate":false,"showSkybox":false,"showFlares":true,"showImageEffects":true,"showParticleSystems":true},"in2DMode":false,"pivot":{"x":0.15024642646312715,"y":-0.03663991019129753,"z":-0.9436620473861694},"rotation":{"x":0.25578638911247256,"y":-0.17678481340408326,"z":0.04753262922167778,"w":0.9492433667182922},"size":0.2972199022769928,"orthographic":false}