{"cameraMode":{"drawMode":0,"name":"Shaded","section":"Shading Mode"},"sceneLighting":false,"audioPlay":false,"sceneViewState":{"showFog":true,"showMaterialUpdate":false,"showSkybox":false,"showFlares":true,"showImageEffects":true,"showParticleSystems":true},"in2DMode":false,"pivot":{"x":8.037579536437989,"y":-2.8766002655029299,"z":-3.386775016784668},"rotation":{"x":-0.53811115026474,"y":-0.13226301968097688,"z":0.08595848828554154,"w":-0.8279820680618286},"size":27.726978302001954,"orthographic":false}