{"cameraMode":{"drawMode":0,"name":"Shaded","section":"Shading Mode"},"sceneLighting":false,"audioPlay":false,"sceneViewState":{"showFog":true,"showMaterialUpdate":false,"showSkybox":false,"showFlares":true,"showImageEffects":true,"showParticleSystems":true},"in2DMode":false,"pivot":{"x":0.5279942154884338,"y":-2.5189743041992189,"z":-0.9425602555274963},"rotation":{"x":0.1468620002269745,"y":0.7533239126205444,"z":-0.6153111457824707,"w":0.17980335652828217},"size":6.416512966156006,"orthographic":false}