{"cameraMode":{"drawMode":0,"name":"Shaded","section":"Shading Mode"},"sceneLighting":false,"audioPlay":false,"sceneViewState":{"showFog":true,"showMaterialUpdate":false,"showSkybox":false,"showFlares":true,"showImageEffects":true,"showParticleSystems":true},"in2DMode":false,"pivot":{"x":0.3155142068862915,"y":-0.45914971828460696,"z":0.8113425970077515},"rotation":{"x":0.2517857849597931,"y":0.1705726981163025,"z":-0.045238301157951358,"w":0.9515583515167236},"size":1.685250997543335,"orthographic":false}