{"cameraMode":{"drawMode":0,"name":"Shaded","section":"Shading Mode"},"sceneLighting":false,"audioPlay":false,"sceneViewState":{"showFog":true,"showMaterialUpdate":false,"showSkybox":false,"showFlares":true,"showImageEffects":true,"showParticleSystems":true},"in2DMode":false,"pivot":{"x":-9.5367431640625e-7,"y":0.000017404556274414063,"z":-0.0007396936416625977},"rotation":{"x":0.0036687206011265518,"y":0.9795250296592712,"z":-0.20049576461315156,"w":0.017923638224601747},"size":14.476590156555176,"orthographic":false}