{"cameraMode":{"drawMode":0,"name":"Shaded","section":"Shading Mode"},"sceneLighting":false,"audioPlay":false,"sceneViewState":{"showFog":true,"showMaterialUpdate":false,"showSkybox":false,"showFlares":true,"showImageEffects":true,"showParticleSystems":true},"in2DMode":false,"pivot":{"x":4.865039825439453,"y":-1.6287884712219239,"z":-1.8683110475540162},"rotation":{"x":-0.08506215363740921,"y":-0.751629114151001,"z":0.0988842323422432,"w":-0.6465606093406677},"size":11.285028457641602,"orthographic":false}