{"cameraMode":{"drawMode":0,"name":"Shaded","section":"Shading Mode"},"sceneLighting":false,"audioPlay":false,"sceneViewState":{"showFog":true,"showMaterialUpdate":false,"showSkybox":false,"showFlares":true,"showImageEffects":true,"showParticleSystems":true},"in2DMode":false,"pivot":{"x":3.5762786865234377e-7,"y":0.2538892924785614,"z":0.00000286102294921875},"rotation":{"x":0.0036687206011265518,"y":0.9795250296592712,"z":-0.20049576461315156,"w":0.017923638224601747},"size":15.721744537353516,"orthographic":false}