{"cameraMode":{"drawMode":0,"name":"Shaded","section":"Shading Mode"},"sceneLighting":true,"audioPlay":false,"sceneViewState":{"showFog":true,"showMaterialUpdate":false,"showSkybox":true,"showFlares":true,"showImageEffects":true,"showParticleSystems":true},"in2DMode":false,"pivot":{"x":-5.3887481689453129,"y":-7.90904426574707,"z":13.531250953674317},"rotation":{"x":0.2305033653974533,"y":-0.16795842349529267,"z":0.04032417759299278,"w":0.9576212763786316},"size":22.0,"orthographic":false}