{"cameraMode":{"drawMode":0,"name":"Shaded","section":"Shading Mode"},"sceneLighting":false,"audioPlay":false,"sceneViewState":{"showFog":true,"showMaterialUpdate":false,"showSkybox":false,"showFlares":true,"showImageEffects":true,"showParticleSystems":true},"in2DMode":false,"pivot":{"x":0.00887906551361084,"y":0.000008404254913330078,"z":-0.10354435443878174},"rotation":{"x":0.1468620002269745,"y":0.7533239126205444,"z":-0.6153111457824707,"w":0.17980335652828217},"size":8.630712509155274,"orthographic":false}