{"cameraMode":{"drawMode":0,"name":"Shaded","section":"Shading Mode"},"sceneLighting":false,"audioPlay":false,"sceneViewState":{"showFog":true,"showMaterialUpdate":false,"showSkybox":false,"showFlares":true,"showImageEffects":true,"showParticleSystems":true},"in2DMode":false,"pivot":{"x":0.5480607748031616,"y":-6.653238296508789,"z":0.5670714378356934},"rotation":{"x":-0.6399400234222412,"y":0.02350039780139923,"z":-0.019586533308029176,"w":-0.7678163647651672},"size":9.545450210571289,"orthographic":true}